Date,Information Technology,Real Estate,Materials,Health Care,Financials,Consumer Discretionary,Communication Services,Industrials,Consumer Staples,Energy,Utilities,Days Since COVID,Unemployment Rate
1/2/2020,608.821991,1252.759972,895.3366699,652.9791527,899.6300049,646.2344913,698.4244461,874.6024055,645.3566704,345.3950005,388.0349922,0,3.5
1/3/2020,603.4719849,1262.169998,880.2999954,646.5261002,889.4499893,644.2124901,692.5475006,868.9257965,643.9266815,345.7200089,388.1600075,1,3.5
1/6/2020,611.614502,1262.639992,877.2933273,649.3807907,890.4900131,649.3666744,708.1222172,869.4452019,644.5966568,348.2099991,390.0899963,4,3.5
1/7/2020,610.3360062,1252.089996,878.3766708,645.5392113,885.3199959,649.5436764,702.8105125,870.0746498,640.453331,345.2974968,389.1174965,5,3.5
1/8/2020,615.9580002,1257.769974,883.9599838,651.9808044,894.9200134,656.6578369,714.1776581,867.3489799,644.9700012,341.9099998,388.4000053,6,3.5
1/9/2020,623.8395004,1262.739983,893.6733322,652.0037956,903.4700012,662.1618423,713.1046429,873.5860672,652.5200043,342.8825035,390.4524956,7,3.6
1/10/2020,622.5884857,1274.850006,891.1399918,652.146183,902.3700218,658.4246712,706.6794052,863.7895164,650.0633202,340.6675034,391.3974991,8,3.6
1/13/2020,630.9965057,1284.240021,907.5500031,642.8711929,911.2499886,661.5656624,720.7579575,869.9886322,656.0366592,342.260006,394.0599976,11,3.6
1/14/2020,624.3615036,1274.519997,904.1100235,646.7881355,907.9800186,662.3833351,717.0883865,871.0862961,656.016674,340.9424973,395.0825005,12,3.6
1/15/2020,627.2259827,1279.18,913.3233414,658.6136665,913.7900085,664.8176651,719.8827171,865.5793915,661.1066704,340.9449921,400.5549965,13,3.6
1/16/2020,633.1550064,1289.269997,917.2433319,663.7332153,922.9499817,671.1696854,721.2915649,872.488308,664.1633301,341.9174995,403.2175026,14,3.6
1/17/2020,636.1345062,1284.209999,925.7366714,660.8779716,931.4699936,675.6893311,724.9039268,865.6530533,667.6099892,340.2699966,406.9400024,15,3.6
1/21/2020,635.7950058,1294.05999,923.4566422,661.9124832,928.9499855,679.7700005,723.0761471,848.2566452,676.9100037,336.5825043,410.5025024,19,3.6
1/22/2020,635.0115051,1287.630035,924.5433121,659.7248192,932.789978,681.1736641,711.479908,837.2041283,677.8900185,335.845005,412.2750015,20,3.6
1/23/2020,634.7509918,1299.990005,925.9566574,656.3880882,931.5400124,682.4656525,733.2812328,847.3953209,677.953331,335.739994,415.0999985,21,3.6
1/24/2020,628.947998,1294.920036,931.409996,644.4918747,922.2200089,676.0066719,733.7670574,847.8790665,674.3733406,334.4899979,417.8100052,22,3.6
1/27/2020,617.3909988,1292.300011,908.7966766,637.1189461,904.7899857,669.3883286,718.1362305,829.7363205,673.3800125,330.0649948,417.6249924,25,3.6
1/28/2020,627.8600006,1299.080002,919.7266541,637.6255722,914.8199883,675.1158333,728.6739578,825.6687202,675.1966743,330.7025032,419.4225006,26,3.6
1/29/2020,638.0899887,1294.729996,920.7933273,635.5389099,916.920002,679.9326706,726.7383804,833.4161987,672.0099792,328.4900055,421.4899979,27,3.6
1/30/2020,629.5239944,1294.959999,919.5333252,630.8289566,929.920002,683.4146538,717.6128845,836.3359451,676.9700012,330.5924988,426.3824997,28,3.6
1/31/2020,621.5924988,1271.259972,903.8933411,619.1987915,904.5299988,682.1773415,706.4928951,817.5513344,668.7233315,321.0300026,425.0500031,29,3.6
2/3/2020,630.0750046,1286.519981,926.4066696,625.417923,915.1399841,698.1999817,722.2854061,809.1236076,666.2899971,317.4424973,425.1324921,32,3.5
2/4/2020,644.4164963,1299.159958,950.1266556,636.8719978,926.6699867,712.6208229,737.8219624,820.8319931,671.0433311,318.3650017,419.7050018,33,3.5
2/5/2020,644.6684952,1292.990013,955.0466766,654.4632912,932.0799942,703.9934959,739.7699146,843.7133942,677.8466797,327.3974953,419.8874969,34,3.5
2/6/2020,652.0925064,1299.539978,955.8366547,651.2255211,934.2299805,704.4221535,740.0717506,855.770195,679.8399887,325.5024948,420.3724899,35,3.5
2/7/2020,654.1469955,1304.139999,943.1100082,650.6837769,928.9000092,702.1853371,742.036272,843.1926041,683.0866661,323.5750046,418.1849899,36,3.5
2/10/2020,664.2759933,1319.860031,946.1000061,651.2495041,935.810009,711.954174,748.7607098,854.1898804,683.7866783,322.7449951,419.1149979,39,3.5
2/11/2020,654.5755005,1332.490013,950.3066635,656.2639542,934.9600182,716.5553246,743.9023075,859.6339035,678.9766655,325.6374969,421.0574951,40,3.5
2/12/2020,661.2015076,1342.530006,958.3300171,667.6034813,941.9600067,721.2026711,753.6626244,870.767746,682.6766624,327.8550034,421.6750031,41,3.5
2/13/2020,661.2305069,1356.339996,964.3833237,660.8936119,942.4999962,724.2434998,757.7945423,860.7333069,688.3866806,326.8275032,427.6074982,42,3.5
2/14/2020,663.4475021,1374.190033,970.75,656.4639778,950.3500137,725.7388306,757.916214,857.8601913,690.6866684,325.5699997,431.1499939,43,3.5
2/18/2020,668.5354996,1365.800011,969.5966644,658.0324211,949.1199913,727.1001625,768.3592834,851.2705307,691.9266624,325.3800011,435.2400055,47,3.5
2/19/2020,670.4295044,1345.399971,974.3000031,661.008091,959.3200073,731.4023361,767.1767426,852.0973625,692.9866562,324.8275032,430.0374985,48,3.5
2/20/2020,662.5794983,1357.790009,971.9133148,657.4551163,956.4100113,732.2456703,763.6811352,848.9364548,694.7699928,323.2574959,432.1274948,49,3.5
2/21/2020,646.0039825,1370.249992,964.3533249,658.7786293,948.0100098,726.3251572,751.7393112,839.7380409,694.1566849,320.8975029,431.9074936,50,3.5
2/24/2020,617.6124954,1353.240028,937.2433472,627.3387146,910.0400124,705.1805038,727.1416817,812.0019989,676.9833336,309.1550026,428.4250107,53,3.5
2/25/2020,604.8130112,1325.97998,901.4033356,606.0051727,866.6800137,694.3443451,711.5059719,780.1447029,663.3500023,299.5824966,419.672493,54,3.5
2/26/2020,609.0354919,1324.230019,902.546669,604.3097992,858.5800114,688.2795029,731.1246338,780.1447601,663.3566666,295.0074997,416.6975021,55,3.5
2/27/2020,576.2724838,1254.239983,858.4399872,585.3167458,824.0000019,653.7616615,709.2538948,747.9170113,634.7299995,282.1924992,394.9724998,56,3.5
2/28/2020,583.9699936,1216.079987,845.1699905,579.9112186,822.9599915,640.110157,709.2237091,740.5299759,615.7833519,282.3999939,382.6899986,57,3.5
3/2/2020,610.9459991,1294.370003,883.7599945,612.5560989,867.5899944,672.4421768,732.2075634,764.9252892,660.8266792,294.2074966,406.9574966,60,4.4
3/3/2020,585.0654984,1287.389969,879.6533279,592.6084061,831.2499924,663.5301666,704.6629086,742.5555038,650.1766777,287.3974972,404.6274948,61,4.4
3/4/2020,605.8664932,1341.089996,924.9333267,638.3549576,862.7499771,690.6481705,731.5868626,765.0320969,685.47332,299.4749985,428.8550034,62,4.4
3/5/2020,586.6095047,1302.279984,899.159996,627.0667648,827.4000263,668.2141724,708.9295673,724.0970688,670.8700142,292.4800034,422.6999969,63,4.4
3/6/2020,574.7590027,1288.869987,876.253334,626.3809128,811.140007,657.6831589,699.6852779,723.0907516,664.5966606,284.5250015,418.2750015,64,4.4
3/9/2020,537.482502,1210.289993,810.7999954,602.5238762,741.6400223,611.9938431,658.8104,645.4712524,639.1133461,247.8999996,398.3500023,67,4.4
3/10/2020,568.7945023,1276.340027,838.8366852,620.251194,790.2100067,651.4730034,689.6755466,671.4768486,657.6799965,256.1325035,398.9425049,68,4.4
3/11/2020,544.315506,1227.329987,811.7500076,600.5720539,755.9800053,618.4650002,661.6075268,607.1901169,629.1233215,244.4949951,378.1049995,69,4.4
3/12/2020,494.9954948,1138.139999,736.4800034,553.9520588,686.1100063,556.1204948,600.1606426,529.674263,578.873333,216.3425026,338.7425003,70,4.4
3/13/2020,548.5660019,1239.010025,797.3833389,595.968895,770.310009,584.0713387,647.4982281,576.836998,630.2933197,230.3199959,359.8899994,71,4.4
3/16/2020,480.0899925,1062.319992,699.1366806,521.7913227,674.2299938,494.8888321,573.5156746,500.9408684,585.6166534,199.6724968,324.8525047,74,4.4
3/17/2020,505.5000038,1130.619995,745.6666718,555.4110317,699.1100121,510.1719894,604.8663826,503.835701,639.8833237,209.4100018,369.6800003,75,4.4
3/18/2020,495.0870018,1091.960022,718.5366669,522.101326,653.5299911,476.551342,596.1206875,469.0805092,631.5799942,181.7399979,356.3999977,76,4.4
3/19/2020,506.6650124,1066.250008,714.943325,514.26194,660.5799904,503.525835,617.8906918,466.9521103,615.0366669,185.3550014,330.3850021,77,4.4
3/20/2020,490.1049995,984.0899887,673.3466682,490.9153214,631.4799976,488.8964939,609.2583961,439.9296417,573.070015,182.8775005,301.3675003,78,4.4
3/23/2020,488.020504,942.3700104,635.0833359,460.8891411,598.2800121,486.3841743,631.6055298,430.3365784,564.0633316,178.0750027,282.1850014,81,4.4
3/24/2020,524.5454903,1030.090015,719.5699921,500.5357742,679.260004,549.6716652,646.0065155,494.4386864,579.8433304,208.7125034,309.8925018,82,4.4
3/25/2020,513.883007,1064.249973,718.8033257,515.1212368,711.5600147,553.991993,625.0711727,540.7133255,572.3566513,219.5374985,318.0474968,83,4.4
3/26/2020,539.9804955,1137.340019,753.0600052,556.0755577,736.7999935,579.8451805,661.1277695,582.78405,600.8366547,232.7649975,348.3450089,84,4.4
3/27/2020,518.9429893,1141.610016,726.2299919,536.041544,701.5999928,567.0856667,644.7307529,548.093792,594.2966537,221.2674999,350.6575012,85,4.4
3/30/2020,545.3954926,1216.23,760.9399948,563.9517708,717.5400009,581.2828445,671.8278141,550.2320442,614.996666,231.6524944,363.472496,88,4.4
3/31/2020,543.666008,1176.160011,737.9833412,561.083786,696.7699928,567.2193451,676.1441193,552.6828194,597.3533363,232.2150002,347.3450012,89,4.4
4/1/2020,522.4275093,1119.350021,693.3499947,540.0931892,661.7999992,543.5190086,652.8907909,518.1693802,594.3966675,222.4974957,326.767498,90,14.8
4/2/2020,526.4754944,1159.29002,710.0466728,553.255188,684.0800018,549.1894951,661.093544,522.519886,613.2400131,238.8825054,336.2524986,91,14.8
4/3/2020,518.326992,1161.880005,688.7000008,541.7041531,671.300005,545.2201653,646.0151825,512.0477676,611.9766617,230.119997,323.75,92,14.8
4/6/2020,555.4765091,1225.419964,736.9733353,573.2605324,731.4700089,587.2954941,683.6051445,556.8774414,642.783329,241.7474976,347.9774971,95,14.8
4/7/2020,556.8855057,1190.479992,752.5299988,567.7598648,725.6999817,588.9833298,679.9370308,554.6814804,634.0533295,240.5024986,344.5425034,96,14.8
4/8/2020,568.4275055,1261.670017,798.0999985,600.3589783,754.650013,596.34935,686.1255207,574.4777603,642.1133347,250.6949997,363.5750046,97,14.8
4/9/2020,569.7939987,1315.030006,819.7300034,597.3986816,764.5499954,612.3579979,686.8884716,579.4485855,637.9000168,250.3999996,379.859993,98,14.8
4/13/2020,577.5764847,1260.089996,803.3366737,593.7708168,743.2100086,615.2101517,711.5026073,556.8066597,635.1566582,247.8225021,367.1625023,102,14.8
4/14/2020,601.0599937,1305.760017,823.2399979,612.2788506,757.5099983,640.1220055,736.6335716,558.1451721,665.4200058,247.4350033,378.284996,103,14.8
4/15/2020,598.2065086,1266.08004,792.1066742,623.5981979,724.6500301,625.3993301,746.2415886,546.1181068,657.0499878,238.7949982,366.1350021,104,14.8
4/16/2020,608.2434921,1269.779991,788.7466812,643.2002068,705.8900013,635.7401772,758.7309666,532.044857,669.909996,232.6099987,364.3999977,105,14.8
4/17/2020,611.2400093,1291.830006,822.5200043,640.6863785,739.1699924,654.4393425,748.1976089,565.1696854,672.2600212,249.8949966,377.0249977,106,14.8
4/20/2020,605.2704964,1255.080002,797.6199951,631.3254013,718.909996,645.0378265,760.316288,546.482132,657.0433197,239.5025005,363.6025047,109,14.8
4/21/2020,582.7265091,1247.660007,775.9233398,612.9868927,700.0500031,625.5773315,744.6184139,528.8969269,640.3999901,235.6249962,358.8750038,110,14.8
4/22/2020,605.9200058,1271.10997,797.01334,622.189579,721.2199974,646.401825,746.868824,530.763237,650.983345,246.0625019,369.7324982,111,14.8
4/23/2020,608.8385048,1261.489998,794.5033379,634.8658028,719.1300106,638.7245026,755.2594833,538.5038223,642.9733238,248.5250034,362.1350021,112,14.8
4/24/2020,619.7035141,1257.469975,808.5466614,642.9052811,725.4900208,653.4243355,759.2595768,532.650383,652.266655,248.2050018,364.4950027,113,14.8
4/27/2020,614.6855087,1294.210003,827.0866547,649.4598198,742.4299984,665.0699997,753.2994709,544.2778778,650.2366676,254.0199986,368.2700005,116,14.8
4/28/2020,599.6985016,1271.220001,841.9666595,635.9395599,742.1500015,659.3386688,729.349041,555.1930428,647.5666885,254.5550041,369.4149933,117,14.8
4/29/2020,629.2969971,1261.810013,861.2299957,634.8875961,777.7299976,669.7028351,755.0476875,568.6677856,645.8499985,263.7925034,364.5824928,118,14.8
4/30/2020,648.4050064,1254.650009,843.2900009,636.8107872,760.8600044,670.3953285,772.3586082,560.2155266,639.5666618,255.2000008,359.4099998,119,14.8
5/1/2020,629.2755127,1239.459972,825.4999962,625.4641685,743.3099957,647.8266792,762.8190746,538.1443596,635.4533424,245.6025028,350.8125,120,13.2
5/4/2020,639.3344879,1243.829967,831.0700111,626.7023125,738.4300003,656.0054893,778.1514816,529.4117508,637.553318,250.652504,353.9225006,123,13.2
5/5/2020,645.560997,1254.380009,835.6633453,638.8840332,743.1100121,659.1540031,778.1732311,523.3508701,642.576683,254.1250019,357.545002,124,13.2
5/6/2020,651.0019989,1240.219997,827.9633408,632.3947754,736.2200031,659.0650063,787.3862228,514.6159248,638.6200104,247.4950047,345.9250031,125,13.2
5/7/2020,657.6394958,1239.170021,841.6366539,624.0138168,748.7199974,669.5131569,793.6542339,521.039238,633.9500008,251.960001,347.359993,126,13.2
5/8/2020,662.7600021,1254.849972,867.1266632,627.8738518,760.6299973,679.7284851,796.6169968,537.9824562,643.2099953,259.5324993,352.8824997,127,13.2
5/11/2020,669.3019943,1247.119987,866.3000031,636.1896172,751.9800091,682.9059982,802.4698124,524.4996223,646.7833214,254.265007,352.7250023,130,13.2
5/12/2020,657.0690079,1212.57003,851.2966499,634.4005089,733.2899837,669.5081596,787.9592571,506.0425663,638.4099998,249.762495,351.2424965,131,13.2
5/13/2020,647.5750046,1220.559982,839.2833252,623.4743271,721.7200069,660.0666809,786.8525009,491.6208515,634.1966858,243.6799965,349.9500046,132,13.2
5/14/2020,652.010498,1203.510006,838.8700027,640.550808,738.3699799,669.4378319,793.0991154,497.8735809,631.4699898,246.2775002,352.8374977,133,13.2
5/15/2020,660.1095047,1198.809975,856.1899948,644.0613747,739.02001,673.8969955,809.8151817,496.6544418,635.0099869,242.9725037,347.3425064,134,13.2
5/18/2020,667.4120102,1225.510006,890.7699966,647.5382385,770.1200027,691.775013,812.9921951,542.5582123,642.0133476,255.9525013,357.9324913,137,13.2
5/19/2020,669.981514,1205.230007,878.9433327,639.0176086,763.4600143,685.5138474,812.8931274,529.4850235,634.9900055,249.4449997,350.4550018,138,13.2
5/20/2020,690.792511,1212.329979,894.5900116,635.930397,782.9199944,694.5076752,824.7069569,542.1886597,637.156662,256.6774998,352.8374977,139,13.2
5/21/2020,686.7069931,1197.730034,887.5799866,635.0349426,772.8900051,697.7303391,814.4323959,544.9619141,630.6333427,253.2450008,349.3649979,140,13.2
5/22/2020,690.6485062,1241.060017,886.2633362,634.8608818,772.829998,696.3426781,811.559988,543.5697727,631.9833183,252.3424988,355.5625076,141,13.2
5/26/2020,685.114006,1243.689995,904.6966629,639.4506454,796.9899845,699.6243286,795.6164284,568.1293068,633.9566536,257.567503,356.7874947,145,13.2
5/27/2020,682.010994,1279.469975,904.9666824,648.131443,805.7100029,710.1515045,799.2399044,589.0967789,638.266674,261.6125031,362.0125008,146,13.2
5/28/2020,677.3895035,1305.459976,924.7299881,652.6137543,806.3799896,706.1056633,788.9912281,583.0328445,646.2299881,259.4500027,374.3799973,147,13.2
5/29/2020,681.6194992,1307.740025,931.0399857,659.5263062,803.1400204,711.1651726,797.1841679,575.3784485,643.9733353,261.7799988,376.8499985,148,13.2
6/1/2020,690.4980087,1334.54998,928.4433441,653.3792877,802.7999954,717.6653328,808.7145424,581.8463631,646.8400154,265.4824982,381.0825005,151,11
6/2/2020,694.201004,1326.930004,941.3266602,657.0448036,809.6599998,723.4311676,811.9518452,591.9241676,645.9933319,270.3800049,382.0300064,152,11
6/3/2020,692.6825027,1334.540009,959.2033386,657.4989281,825.0200062,731.1839905,804.7216015,625.0742073,647.0466881,278.0549984,386.3050003,153,11
6/4/2020,683.5349884,1295.619995,950.2200012,649.8299561,820.2800007,724.1253319,792.5731049,643.658596,645.9933434,274.7924976,378.7225037,154,11
6/5/2020,696.9960022,1329.070007,978.8266602,665.6384811,851.4900131,737.9639969,804.8617668,681.1698799,652.4200134,288.2750015,381.3350029,155,11
6/8/2020,701.7299957,1343.069984,974.5266647,664.658432,853.5600052,753.2409859,806.4801712,712.8291855,648.7133446,295.6700001,391.6100121,158,11
6/9/2020,717.1144943,1352.149979,970.7333374,664.1871986,845.3999996,751.6643448,827.8214455,688.3840485,646.3099861,289.8875046,386.1075058,159,11
6/10/2020,727.3874893,1345.760033,964.6433411,662.554512,837.7999821,753.0791702,826.7699299,664.9393997,649.6966591,280.7975063,385.9575081,160,11
6/11/2020,692.6679993,1270.970001,891.3566666,622.2611866,779.2900085,714.9039993,799.3220005,597.0377693,630.4999847,260.0725021,371.0225067,161,11
6/12/2020,698.9170074,1301.630005,900.8999863,624.5862045,795.9100132,717.6529961,796.8622665,622.7949295,628.1666794,265.6274986,369.5875015,162,11
6/15/2020,706.8585052,1324.990021,906.5533295,622.8906231,796.8800106,723.3840027,808.223259,629.1464157,630.0099907,264.5125046,371.3325043,165,11
6/16/2020,720.3270035,1333.26001,923.8999863,638.6534653,807.5200157,735.5488434,824.2712326,647.7248344,637.8133125,269.0625,371.7324944,166,11
6/17/2020,722.3434982,1328.099991,923.1599884,636.9964142,802.6600113,739.0183258,835.4319725,638.3222122,635.5566483,264.090004,370.9000015,167,11
6/18/2020,724.5975189,1316.430016,924.2200012,635.3860321,803.4700089,736.7796783,837.3289585,637.5132141,637.9500084,264.6424999,370.4124908,168,11
6/19/2020,726.3524933,1326.610001,916.5499954,637.8198338,791.4799957,729.4671631,842.7947464,627.718998,636.0699921,260.2124996,357.7025032,169,11
6/22/2020,737.7314987,1313.120026,918.0266571,637.978405,800.9400082,738.1090088,858.1946983,625.3500214,635.5500183,263.6199932,362.829998,172,11
6/23/2020,747.2020111,1309.010002,919.4999924,642.4488697,808.5800018,743.8558273,859.4864426,625.8521996,636.3766785,263.6825047,359.6725006,173,11
6/24/2020,730.2300034,1288.169998,898.0833359,627.0758305,781.4200153,731.2766647,839.6555576,596.9206543,628.7499847,254.767498,356.5575027,174,11
6/25/2020,737.0139923,1298.64003,907.4900055,636.6071148,793.52001,733.0010071,850.3721256,604.6667709,634.6633339,256.8399963,350.9300003,175,11
6/26/2020,703.5879974,1274.029976,895.073349,622.9646664,769.7199917,713.0461578,802.7307396,590.4322815,623.7299919,250.6449986,346.5849991,176,11
6/29/2020,713.4024963,1293.119987,910.5066681,628.8413391,777.8899994,726.098999,815.0191193,626.9473839,634.3766708,253.9300003,351.5500031,179,11
6/30/2020,730.6234894,1314.439995,922.3466721,638.572855,785.1900024,742.9583282,830.9748402,618.8580627,639.6466522,255.7725029,352.6024971,180,11
7/1/2020,749.3124924,1357.68,927.3400116,643.8033867,789.4600201,748.7869949,872.5430965,614.0412636,641.8066711,254.4650002,360.7149963,181,10.2
7/2/2020,748.7189865,1346.339966,942.4633179,646.0236969,792.870018,755.5423355,861.3155441,618.8461533,644.0866623,256.3699989,361.4399948,182,10.2
7/6/2020,772.2770004,1349.659981,953.8966675,653.4770432,804.7100029,782.2906723,887.341198,631.6395683,651.2799911,257.920002,349.8699989,186,10.2
7/7/2020,766.7845001,1342.260017,966.8466797,646.25103,790.5899944,772.9033432,886.4563103,614.1909218,659.5466843,252.7900009,351.8300018,187,10.2
7/8/2020,780.987999,1339.87999,961.4033508,647.2820053,792.8200016,778.9741669,899.9260445,617.2386665,659.9800072,254.8374977,355.4575043,188,10.2
7/9/2020,789.6370087,1347.250004,960.0299988,636.5132256,779.6500053,781.3635101,904.4441853,599.8060379,667.2233505,246.3274994,350.4674911,189,10.2
7/10/2020,791.6105042,1334.170025,973.2900085,635.7424355,791.4199867,795.9566727,947.9972878,610.044857,673.29002,253.010006,357.1800041,190,10.2
7/13/2020,772.3590088,1307.199986,974.0433502,649.9933205,785.1700039,786.0039902,917.0388451,612.5351524,670.3033524,252.3399963,357.0999985,193,10.2
7/14/2020,775.3805008,1324.999969,997.9766617,663.4010696,804.3400192,800.5900116,918.7213974,631.7893982,678.4833336,260.3774967,360.2774963,194,10.2
7/15/2020,772.332489,1324.279991,1013.246666,662.5014763,817.1600056,801.6208191,917.1101742,647.0357895,675.2900162,261.3900013,358.329998,195,10.2
7/16/2020,767.1134872,1314.950043,1020.409988,665.8594437,807.8000031,796.2976456,922.799181,639.6754723,675.1266632,262.3550014,363.9449959,196,10.2
7/17/2020,765.1784973,1333.379967,1038.783333,667.3146248,811.2899914,796.2944946,890.0099182,636.4349632,675.813343,261.2850037,371.9150085,197,10.2
7/20/2020,793.411499,1335.31002,1030.773338,663.0028839,821.7899914,816.8053436,904.4373188,627.4251518,674.8033409,257.0724926,368.2124977,200,10.2
7/21/2020,782.2105026,1330.909969,1033.686668,662.336956,820.1800098,815.2318497,888.3334351,636.2881088,678.549984,267.892498,372.052494,201,10.2
7/22/2020,782.1304932,1343.280022,1047.493347,666.1761742,827.3300037,823.8508453,886.4619579,639.2686501,683.1499825,266.095005,378.8650055,202,10.2
7/23/2020,753.1500015,1342.310001,1042.866661,661.5368576,824.0999908,809.8588333,864.4505749,635.0539322,681.5099907,266.0625019,379.092495,203,10.2
7/24/2020,750.4810028,1339.560005,1039.363335,655.3192558,819.2200108,807.3721619,865.7543545,628.6066475,680.0366631,264.8024979,376.1625061,204,10.2
7/27/2020,761.3919983,1363.600006,1047.896652,653.8715897,818.9499893,821.2805099,884.6138458,630.7918434,683.8066711,266.1475029,368.4375038,207,10.2
7/28/2020,750.5914993,1379.880013,1021.573318,656.5309448,818.8699875,806.2391663,873.7169781,625.0952682,684.9300079,263.4900017,376.6899948,208,10.2
7/29/2020,760.2419891,1409.889999,1028.09668,663.1942177,829.239994,809.4571762,873.7217884,624.6092567,683.9633369,266.0100002,377.7800064,209,10.2
7/30/2020,764.1024933,1406.960011,1016.756668,660.2373657,819.2199974,810.2999954,876.8523273,606.2313156,684.9933395,259.4649944,377.9849968,210,10.2
7/31/2020,797.5714874,1414.519997,1017.253334,656.5234222,816.22999,810.9979858,896.7688923,596.3147335,684.6833305,255.8950081,377.4349976,211,10.2
8/3/2020,807.1699982,1397.54998,1004.17334,662.0447388,823.6299915,813.5044861,904.3296051,598.7939377,686.7099953,257.017498,373.3174934,214,8.4
8/4/2020,803.3914948,1423.560009,1015.039993,660.3625412,827.4800167,820.6348267,913.7111797,600.9523659,701.6200027,264.3124943,376.8124962,215,8.4
8/5/2020,806.3284912,1413.699974,1030.340004,668.5008354,850.3199997,826.9328384,905.2697964,621.859766,700.1500053,265.7149963,372.3950043,216,8.4
8/6/2020,832.0299988,1409.729992,1025.37999,667.8270836,856.6400204,833.5553207,929.9752483,621.154356,702.4766731,264.3825016,373.8024979,217,8.4
8/7/2020,825.3240051,1415.819996,1025.246658,672.3392372,859.3499832,833.3203583,919.2922306,624.3314152,702.3233452,264.1049995,380.4650002,218,8.4
8/10/2020,816.2265091,1407.840004,1024.183319,673.137352,859.4499989,836.2393494,903.0206776,649.0874557,701.7600021,267.8600044,376.8000107,221,8.4
8/11/2020,796.9455032,1371.019989,1032.58667,668.2480774,869.7100163,830.6995087,878.4066639,653.0885773,692.1099854,267.5675068,369.1574974,222,8.4
8/12/2020,815.5640182,1393.379997,1047.703331,682.6993446,869.2800179,854.5826569,892.1165752,648.9145432,702.413353,270.6875019,374.0575027,223,8.4
8/13/2020,818.8934784,1386.80999,1048.776665,680.1281471,864.4700031,860.7876663,899.5731049,645.9542046,701.9100189,267.3699989,371.8199959,224,8.4
8/14/2020,817.679985,1382.87001,1047.606674,682.7765617,863.2799969,861.4583206,900.607645,650.39394,701.590004,266.1550007,367.6349983,225,8.4
8/17/2020,820.9799957,1395.400024,1048.276665,683.1130753,862.0500011,884.0664902,900.6473217,639.4547348,706.7899895,266.1674919,366.8474998,228,8.4
8/18/2020,832.8059998,1409.11998,1043.126663,679.6317024,862.1899967,893.7205048,913.6789932,635.5192909,708.693325,262.1424942,365.2025032,229,8.4
8/19/2020,828.2519913,1386.990009,1042.196686,679.3252983,864.6500092,889.0193176,905.8551769,633.0374584,704.6266594,260.2649975,364.295002,230,8.4
8/20/2020,845.5460129,1403.409966,1039.356674,677.8217239,870.0599995,896.893837,927.0918694,630.7430649,705.3133354,257.3974915,360.9274979,231,8.4
8/21/2020,847.4145126,1405.61998,1040.60334,679.7358398,870.9600029,905.4513397,919.5129833,630.088913,709.6666603,256.4925003,361.6925011,232,8.4
8/24/2020,855.5680161,1394.969971,1049.863335,673.8577232,888.410017,910.8529968,921.7087803,649.0955811,712.0266685,261.6574974,364.8675003,235,8.4
8/25/2020,869.7320023,1403.510025,1050.01001,676.5378418,895.6100159,912.5038223,933.6955776,649.626667,712.5233231,258.3874989,361.8574944,236,8.4
8/26/2020,905.8814926,1404.819992,1061.420006,673.1927185,900.589983,932.8571472,1015.757586,648.3773193,712.8566551,255.3599949,357.7100067,237,8.4
8/27/2020,896.2360077,1418.360031,1056.423317,676.7596283,912.2999916,930.9100037,982.9291058,653.047821,716.7433167,254.9200058,357.8400078,238,8.4
8/28/2020,899.439003,1422.380013,1068.453346,679.8748322,929.4500008,931.140007,981.470335,659.2668495,723.6766701,257.5474911,358.3874893,239,8.4
8/31/2020,901.7945099,1421.040016,1053.773354,678.9483795,914.1500034,949.1046906,986.0216179,647.5837746,721.8633347,254.1625023,359.5825043,242,8.4
9/1/2020,914.5999908,1419.929977,1087.400009,672.1434822,914.6500015,946.776001,1016.162296,654.7644539,727.0666656,251.8025055,355.9425011,243,7.8
9/2/2020,927.9919815,1442.689987,1112.423332,686.2625771,926.5300026,945.9258423,1024.171549,670.3486061,743.0766373,254.2250023,366.6549988,244,7.8
9/3/2020,879.1754913,1397.310013,1071.929985,673.7595444,897.9399986,905.3466721,981.3044415,652.3849239,724.5899773,251.1774979,362.4374924,245,7.8
9/4/2020,861.731514,1385.299988,1072.149979,668.2930298,888.0500183,897.9610062,960.5410442,656.5218277,721.9400101,250.010006,360.0800095,246,7.8
9/8/2020,820.3120117,1370.659988,1051.690002,658.3325386,873.2000008,863.1220169,936.6085129,640.9023628,706.3099937,244.7875004,360.2375031,250,7.8
9/9/2020,843.121994,1392.399986,1084.31665,668.6687241,889.7100201,893.1738434,933.4942875,648.4674225,718.5099869,247.4624977,365.5824966,251,7.8
9/10/2020,822.0079803,1375.590004,1072.110001,654.7259026,877.1900024,887.2655106,906.4278526,638.1378574,706.5933228,242.2575035,360.0375023,252,7.8
9/11/2020,814.2389908,1382.529968,1085.296684,653.7927055,875.3299789,892.3809891,906.1213093,649.1037235,709.7066689,242.6775036,363.1174965,253,7.8
9/14/2020,817.5099945,1404.429977,1097.479996,662.8292084,891.7400055,915.5118256,900.1805649,658.8352757,714.7033501,242.2100029,368.7900009,256,7.8
9/15/2020,831.3025131,1427.01001,1098.540009,662.4494781,888.0300159,934.9464798,927.7599564,650.0658054,714.9966698,244.0950012,372.2849998,257,7.8
9/16/2020,810.2094879,1431.300034,1095.293335,661.2463837,891.8700047,926.188324,905.4390659,663.9436913,712.6200027,244.3974991,370.2774963,258,7.8
9/17/2020,792.8584976,1401.570023,1097.83667,658.4311523,886.6599979,910.4798126,881.918211,671.0085716,705.7133369,243.5099964,367.8599968,259,7.8
9/18/2020,780.0599899,1387.93,1075.720009,663.9430733,879.6400146,905.2488403,877.2449379,658.2850647,700.3466568,240.1299992,361.7299995,260,7.8
9/21/2020,780.3004913,1364.229988,1050.43,646.8770943,858.1000042,899.9501724,888.2408714,629.6156406,702.3000183,235.3100052,361.9800034,263,7.8
9/22/2020,803.4204865,1375.610001,1058.186684,640.604023,868.239996,904.449501,900.2642441,633.5166111,710.3233452,233.8349953,362.6749992,264,7.8
9/23/2020,777.1924973,1337.479996,1019.973312,636.721035,845.5099926,885.4096527,870.0593357,618.1726227,705.4800034,225.7974949,357.5874939,265,7.8
9/24/2020,783.0725021,1342.739975,1031.04332,636.5095062,848.4500008,886.8228455,874.1212292,614.2842865,709.7666664,226.8050041,360.904995,266,7.8
9/25/2020,801.6295166,1370.850006,1036.493324,647.72472,856.4399967,901.4964828,890.221262,627.888092,708.2266541,227.4850044,364.435009,267,7.8
9/28/2020,812.8555069,1391.760002,1048.516678,651.1150932,872.5000191,916.0124741,901.1980457,644.4688511,720.6299896,232.2450066,365.4950104,270,7.8
9/29/2020,813.6850052,1388.090023,1049.823303,650.5657349,865.2300148,914.0739822,909.1856461,639.6433163,721.1933441,227.960001,365.7400017,271,7.8
9/30/2020,818.756485,1389.880005,1057.356659,662.2104874,871.4400139,923.1798172,916.2332268,644.0009136,728.5966759,227.4799995,372.8300018,272,7.8
10/1/2020,831.3380127,1405.449966,1041.446678,659.9374199,879.8100071,934.2996674,949.5031395,642.1185646,735.373333,224.6500034,377.0099983,273,6.8
10/2/2020,808.1800003,1424.309998,1045.200005,655.9553833,873.5699844,923.2333221,916.6816311,649.5588875,727.3833351,224.6425076,383.2325096,274,6.8
10/5/2020,825.6315079,1437.70002,1059.426674,666.6962433,882.8099957,937.9333496,940.7556,661.4369068,732.5466461,229.9675007,388.0274963,277,6.8
10/6/2020,805.2790146,1434.590012,1045.910011,656.8997192,870.5299816,921.2013321,918.2252903,644.355917,729.4766693,229.4600029,390.7099991,278,6.8
10/7/2020,815.7714996,1451.860008,1069.749985,669.0955811,884.2699909,940.8811646,947.0992355,661.5855865,737.253315,233.1599979,393.0099983,279,6.8
10/8/2020,823.0090103,1476.890022,1065.246674,670.4338913,890.2999821,941.5308228,950.5202484,671.8102531,742.1699944,238.1600018,398.5599976,280,6.8
10/9/2020,837.0850143,1482.669968,1072.530014,678.0945091,901.2700043,950.729187,960.1322441,676.2966843,749.2233276,237.0775032,399.3675041,281,6.8
10/12/2020,871.9259949,1492.770004,1074.936661,681.7429733,902.9700089,962.059845,974.5857201,680.3733521,762.2733536,237.737505,401.2875061,284,6.8
10/13/2020,870.6350174,1476.359985,1065.66333,679.6328621,888.2000008,967.974823,988.9027576,668.6261215,767.3933258,233.857502,397.4275017,285,6.8
10/14/2020,860.2275085,1459.150024,1060,667.8140678,879.6500149,964.3221588,970.6348572,675.1144791,762.9999924,232.7400017,396.2200012,286,6.8
10/15/2020,851.7959976,1458.870026,1050.683327,667.1063652,875.6400051,962.7391663,965.3261299,677.5022392,760.006649,232.3050022,394.9449959,287,6.8
10/16/2020,846.6304932,1462.490005,1060.943344,676.4493484,877.319994,955.222168,953.7969666,690.2458572,765.9266701,232.6399994,400.0500031,288,6.8
10/19/2020,828.4580002,1447.720005,1045.666664,663.7801781,861.1500225,941.1305161,946.2195759,684.3285599,754.4199944,228.257494,397.1774979,291,6.8
10/20/2020,838.1244888,1449.849998,1049.276657,662.4643784,863.9899979,943.4771729,947.9954605,689.0083389,758.7166672,230.057497,397.6674957,292,6.8
10/21/2020,848.9465103,1444.769974,1047.940025,659.2845459,865.4500008,942.2570038,924.010767,682.0603447,758.7933464,227.0000019,396.4300041,293,6.8
10/22/2020,847.913002,1417.579994,1051.279991,666.2144051,870.9500103,941.0800018,922.3725243,696.7916527,755.3399963,232.7474995,403.3974953,294,6.8
10/23/2020,857.9290085,1420.590027,1057.390007,672.5775757,869.0399837,942.1300201,933.6910934,691.4921913,755.0100098,231.4174995,402.4174957,295,6.8
10/26/2020,841.8064957,1408.979973,1030.500008,662.1562386,845.4000092,929.125351,923.0542355,669.912674,747.2566566,227.6624994,404.7624969,298,6.8
10/27/2020,857.4005051,1405.200001,1018.410011,656.3002739,837.22999,933.6764908,929.8763294,649.9278412,751.7233315,224.1900015,404.0499954,299,6.8
10/28/2020,815.2290115,1375.590008,992.2400208,633.1746178,792.9599972,899.9690094,905.7751122,629.9924583,731.4299927,216.9699955,393.9200058,300,6.8
10/29/2020,839.2644958,1366.779987,1008.016655,627.4266014,800.2699814,904.9338379,939.8554573,636.8014336,731.079998,220.7900066,395.9499969,301,6.8
10/30/2020,807.0529785,1351.96999,1002.706642,632.7775192,793.9900169,880.9441528,897.0533276,637.1180992,722.3199959,221.1399975,393.0399971,302,6.8
11/2/2020,803.8999863,1371.200012,1037.393341,646.6103859,803.3500042,889.4173126,905.0455322,659.1981621,733.4600067,229.1200008,400.8500023,305,6.7
11/3/2020,816.8734818,1391.370018,1050.056679,655.5428162,818.4600201,912.4804993,913.2931671,678.0617523,747.1633186,229.7199936,405.1999969,306,6.7
11/4/2020,868.0705032,1417.709976,1051.230003,700.8049316,831.2700119,927.3146515,949.2654819,658.8085022,751.1600113,226.7899952,399.4799995,307,6.7
11/5/2020,891.2249908,1420.979988,1098.29332,699.1504173,850.5799942,943.9900055,975.4929504,679.7380791,762.9233513,228.3299961,402.9899979,308,6.7
11/6/2020,889.3750076,1434.62001,1114.016678,693.7744827,848.2300205,938.585144,975.3815632,679.9260063,765.3100052,227.7600031,403.7399979,309,6.7
11/9/2020,858.7379837,1381.980019,1134.203331,705.2046356,923.399992,909.746994,918.5556107,727.2788239,741.8566704,247.3500042,407.5100021,312,6.7
11/10/2020,838.0469971,1371.970016,1142.973335,714.9333305,920.7499886,905.1376877,922.4460125,749.1489334,751.0999908,254.0899982,413.8499985,313,6.7
11/11/2020,856.7510223,1410.54998,1111.353325,711.5248604,914.5800056,919.3428497,937.3009205,736.6888885,761.7966843,253.4599972,415.5999985,314,6.7
11/12/2020,852.3849945,1401.889992,1081.603333,712.138485,901.3300076,908.7173309,931.2613392,726.4249535,764.1199799,248.2699947,408.6599998,315,6.7
11/13/2020,857.7735138,1416.179993,1093.933327,718.627327,914.0099945,911.3371887,931.2983551,748.4281387,771.4600029,253.9000015,410.8700104,316,6.7
11/16/2020,861.7444839,1410.090027,1108.100006,717.9551086,926.1300182,918.9929962,929.5321617,777.2460518,772.6433258,265.3399982,412.1600037,319,6.7
11/17/2020,853.716011,1408.059975,1102.343338,714.467186,924.0300102,924.6763458,926.3889866,780.7203789,772.510025,263.7399979,402.7900009,320,6.7
11/18/2020,843.3849945,1379.990013,1095.183357,703.4944305,916.0700111,934.4663239,922.7283211,768.9566765,767.6166801,257.4499989,394.4399948,321,6.7
11/19/2020,847.7794952,1378.430008,1103.069992,696.7080116,913.5200081,940.2243347,927.1080284,772.9233551,770.2266846,259.0000019,390.109993,322,6.7
11/20/2020,839.2190094,1365.809998,1102.510025,695.3652763,895.2699986,935.0533295,926.1887321,767.052002,766.5899963,259.0900021,390.1500053,323,6.7
11/23/2020,833.6874847,1344.470032,1120.090012,694.2330437,915.0000076,951.3994904,913.2742996,786.6822433,766.4799919,268.75,390.810009,326,6.7
11/24/2020,850.0480118,1330.110008,1141.846649,696.9094696,938.2900047,968.7496643,930.7120571,803.4244041,770.2333336,279.9500046,396.6300011,327,6.7
11/25/2020,852.9499817,1336.039986,1127.969986,693.9931183,936.4000111,979.4268036,931.1022625,800.3470573,774.1299973,275.0800018,397.7900085,328,6.7
11/27/2020,858.7479858,1340.790016,1142.999985,700.2622948,931.8300114,983.5903168,941.0269642,800.7263451,774.8333549,272.8699932,394.3399963,330,6.7
11/30/2020,856.2120056,1336.069984,1143.89003,700.6180077,921.8100166,977.1519928,937.5145168,783.3815765,777.3999786,260.5999966,389.4799957,333,6.7
12/1/2020,876.2519913,1358.95002,1149.733322,709.9048882,928.1899929,984.1040039,963.2831097,785.6342125,775.920002,263.7699986,393.3500061,334,6.7
12/2/2020,877.3949814,1328.80999,1117.820007,719.5720558,931.9199924,967.3231812,965.4797897,801.3918152,768.7633286,269.0099983,396.2100029,335,6.7
12/3/2020,869.458519,1331.640015,1100.936661,720.2294579,924.3600197,973.7398529,954.2790394,816.5523949,758.3866463,268.5699997,390.7199974,336,6.7
12/4/2020,865.6270142,1354.070023,1124.513336,725.9670372,940.0100021,969.7289886,953.0591908,826.0247192,760.2366638,275.5999947,384.4599953,337,6.7
